#node1	node2	node1_string_id	node2_string_id	neighborhood_on_chromosome	gene_fusion	phylogenetic_cooccurrence	homology	coexpression	experimentally_determined_interaction	database_annotated	automated_textmining	combined_score
AK1	VARS2	9606.ENSP00000223836	9606.ENSP00000441000	0.061	0	0	0	0.106	0	0	0.366	0.421
AK1	MRPL16	9606.ENSP00000223836	9606.ENSP00000300151	0.057	0	0	0	0.376	0	0	0.116	0.434
AK1	MARS2	9606.ENSP00000223836	9606.ENSP00000282276	0.041	0	0	0	0.051	0	0	0.431	0.437
AK1	FH	9606.ENSP00000223836	9606.ENSP00000355518	0	0	0	0	0.047	0	0.285	0.253	0.447
AK1	MDH2	9606.ENSP00000223836	9606.ENSP00000327070	0	0	0	0	0.105	0	0	0.466	0.502
AK1	MRPL17	9606.ENSP00000223836	9606.ENSP00000288937	0.091	0	0	0	0.402	0	0	0.186	0.519
AK1	TUFM	9606.ENSP00000223836	9606.ENSP00000322439	0.091	0	0	0	0.380	0	0	0.273	0.555
AK1	PPA2	9606.ENSP00000223836	9606.ENSP00000343885	0.061	0	0	0	0.301	0	0	0.486	0.633
AK1	NME2	9606.ENSP00000223836	9606.ENSP00000376886	0.053	0	0	0	0.080	0	0.716	0.377	0.825
ALDH18A1	HSD17B10	9606.ENSP00000360268	9606.ENSP00000168216	0	0	0	0	0.074	0	0	0.388	0.409
ALDH18A1	IREB2	9606.ENSP00000360268	9606.ENSP00000258886	0.226	0	0	0	0	0	0	0.353	0.477
ALDH18A1	SDHA	9606.ENSP00000360268	9606.ENSP00000264932	0.118	0	0	0	0.049	0	0	0.403	0.456
ALDH18A1	MARS2	9606.ENSP00000360268	9606.ENSP00000282276	0.055	0	0	0	0.085	0	0	0.382	0.419
ALDH18A1	LIPT2	9606.ENSP00000360268	9606.ENSP00000309463	0.120	0	0	0	0	0	0	0.353	0.406
ALDH18A1	FARS2	9606.ENSP00000360268	9606.ENSP00000316335	0.046	0	0	0	0.093	0	0	0.404	0.440
ALDH18A1	GLS	9606.ENSP00000360268	9606.ENSP00000317379	0.071	0	0	0	0.050	0	0.962	0.283	0.973
ALDH18A1	MDH2	9606.ENSP00000360268	9606.ENSP00000327070	0.102	0	0	0	0.062	0	0	0.425	0.474
ALDH18A1	FH	9606.ENSP00000360268	9606.ENSP00000355518	0	0	0	0	0.072	0	0	0.409	0.428
ALDH18A1	IBA57	9606.ENSP00000360268	9606.ENSP00000355672	0	0	0	0	0.044	0	0	0.457	0.459
ALDH18A1	BCS1L	9606.ENSP00000360268	9606.ENSP00000413908	0.115	0	0	0	0.067	0	0	0.353	0.419
ALDH18A1	G6PD	9606.ENSP00000360268	9606.ENSP00000377192	0	0	0	0	0.042	0	0	0.435	0.436
ALDH18A1	GCLC	9606.ENSP00000360268	9606.ENSP00000497574	0	0	0	0	0	0.126	0	0.417	0.469
ALDH18A1	VARS2	9606.ENSP00000360268	9606.ENSP00000441000	0.116	0	0	0	0.118	0	0	0.378	0.473
ALDH18A1	DARS2	9606.ENSP00000360268	9606.ENSP00000497569	0.069	0	0	0	0.156	0.238	0	0.379	0.579
ALDH18A1	TKT	9606.ENSP00000360268	9606.ENSP00000391481	0.281	0	0	0	0.087	0	0	0.422	0.588
ALDH18A1	FDXR	9606.ENSP00000360268	9606.ENSP00000416515	0.215	0	0	0	0.049	0	0.792	0.363	0.887
BCS1L	UQCRC1	9606.ENSP00000413908	9606.ENSP00000203407	0.042	0	0	0	0.176	0.100	0.540	0.562	0.831
BCS1L	SCO1	9606.ENSP00000413908	9606.ENSP00000255390	0	0	0	0	0.105	0	0	0.576	0.605
BCS1L	SDHA	9606.ENSP00000413908	9606.ENSP00000264932	0	0	0	0	0.111	0.091	0	0.816	0.838
BCS1L	MRPL17	9606.ENSP00000413908	9606.ENSP00000288937	0	0	0	0	0.209	0.519	0	0.299	0.710
BCS1L	MRPL16	9606.ENSP00000413908	9606.ENSP00000300151	0	0	0	0	0.635	0.302	0	0.221	0.784
BCS1L	MRPL13	9606.ENSP00000413908	9606.ENSP00000306548	0.055	0	0	0	0.153	0.401	0	0.166	0.546
BCS1L	FARS2	9606.ENSP00000413908	9606.ENSP00000316335	0	0	0	0	0.253	0	0	0.234	0.404
BCS1L	TUFM	9606.ENSP00000413908	9606.ENSP00000322439	0	0	0	0	0.415	0.088	0	0.380	0.641
BCS1L	MRPL40	9606.ENSP00000413908	9606.ENSP00000333401	0	0	0	0	0.338	0.252	0	0.073	0.501
BCS1L	PDSS2	9606.ENSP00000413908	9606.ENSP00000358033	0.045	0	0	0	0.135	0	0	0.489	0.541
BCS1L	ALDH18A1	9606.ENSP00000413908	9606.ENSP00000360268	0.115	0	0	0	0.067	0	0	0.353	0.419
BCS1L	SDHB	9606.ENSP00000413908	9606.ENSP00000364649	0.085	0	0	0	0.093	0	0	0.377	0.438
BCS1L	DARS2	9606.ENSP00000413908	9606.ENSP00000497569	0	0	0	0	0.259	0	0	0.382	0.523
CALM1	EXOC6	9606.ENSP00000499717	9606.ENSP00000260762	0	0	0	0	0	0.052	0.500	0.106	0.539
COQ3	SDHA	9606.ENSP00000254759	9606.ENSP00000264932	0.043	0	0	0	0.097	0	0	0.387	0.424
COQ3	SDHB	9606.ENSP00000254759	9606.ENSP00000364649	0.045	0	0	0	0.258	0	0	0.304	0.464
COQ3	MIPEP	9606.ENSP00000254759	9606.ENSP00000371607	0	0	0	0	0.160	0	0	0.452	0.520
COQ3	FDXR	9606.ENSP00000254759	9606.ENSP00000416515	0	0	0	0	0.066	0.165	0	0.578	0.642
COQ3	PDSS2	9606.ENSP00000254759	9606.ENSP00000358033	0.047	0	0	0	0.194	0.079	0	0.794	0.835
COX16	SCO1	9606.ENSP00000374562	9606.ENSP00000255390	0	0	0	0	0.063	0.095	0	0.620	0.650
COX16	MRPL52	9606.ENSP00000374562	9606.ENSP00000347277	0	0	0	0	0.203	0	0	0.298	0.417
DARS2	MRPS34	9606.ENSP00000497569	9606.ENSP00000177742	0.082	0	0	0	0.124	0	0	0.318	0.404
DARS2	MRPS18B	9606.ENSP00000497569	9606.ENSP00000259873	0	0	0	0	0.099	0	0	0.378	0.416
DARS2	OXSM	9606.ENSP00000497569	9606.ENSP00000280701	0.099	0	0	0	0.261	0	0	0.250	0.457
DARS2	MARS2	9606.ENSP00000497569	9606.ENSP00000282276	0.057	0	0	0	0.295	0.058	0	0.705	0.790
DARS2	RPUSD4	9606.ENSP00000497569	9606.ENSP00000298317	0.106	0	0	0	0.297	0	0	0.314	0.532
DARS2	MRPL13	9606.ENSP00000497569	9606.ENSP00000306548	0.078	0	0	0	0.250	0	0	0.370	0.527
DARS2	FARS2	9606.ENSP00000497569	9606.ENSP00000316335	0.056	0	0	0	0.389	0	0	0.793	0.870
DARS2	TUFM	9606.ENSP00000497569	9606.ENSP00000322439	0	0	0	0	0.067	0	0	0.543	0.555
DARS2	ALDH18A1	9606.ENSP00000497569	9606.ENSP00000360268	0.069	0	0	0	0.156	0.238	0	0.379	0.579
DARS2	GTPBP8	9606.ENSP00000497569	9606.ENSP00000373176	0.231	0	0	0	0.100	0	0	0.246	0.432
DARS2	BCS1L	9606.ENSP00000497569	9606.ENSP00000413908	0	0	0	0	0.259	0	0	0.382	0.523
DARS2	FDXR	9606.ENSP00000497569	9606.ENSP00000416515	0	0	0	0	0.049	0.110	0.683	0	0.708
DARS2	VARS2	9606.ENSP00000497569	9606.ENSP00000441000	0.120	0	0	0	0.695	0	0	0.712	0.916
DARS2	ISCA2	9606.ENSP00000497569	9606.ENSP00000452007	0.100	0	0	0	0.063	0	0	0.400	0.450
DDX28	MRPS18B	9606.ENSP00000332340	9606.ENSP00000259873	0	0	0	0	0.133	0.095	0	0.330	0.429
DDX28	MRPL17	9606.ENSP00000332340	9606.ENSP00000288937	0	0	0	0	0.126	0.866	0	0.203	0.899
DDX28	MCAT	9606.ENSP00000332340	9606.ENSP00000290429	0	0	0	0	0.195	0.597	0	0	0.662
DDX28	RPUSD4	9606.ENSP00000332340	9606.ENSP00000298317	0	0	0	0	0.154	0.730	0	0.614	0.904
DDX28	MRPL16	9606.ENSP00000332340	9606.ENSP00000300151	0	0	0	0	0.144	0.809	0	0.179	0.854
DDX28	RBFA	9606.ENSP00000332340	9606.ENSP00000305696	0	0	0	0	0.049	0	0	0.471	0.476
DDX28	MRPL13	9606.ENSP00000332340	9606.ENSP00000306548	0	0	0	0	0.142	0.873	0	0.273	0.914
DDX28	GADD45GIP1	9606.ENSP00000332340	9606.ENSP00000323065	0	0	0	0	0.055	0.800	0	0.055	0.805
DDX28	MAPK9	9606.ENSP00000332340	9606.ENSP00000394560	0	0	0	0	0.042	0.085	0	0.390	0.419
DDX28	GTPBP8	9606.ENSP00000332340	9606.ENSP00000373176	0	0	0	0	0.094	0.186	0	0.665	0.731
DDX28	MRPL52	9606.ENSP00000332340	9606.ENSP00000347277	0	0	0	0	0.069	0.838	0	0.049	0.844
DDX28	MRPL47	9606.ENSP00000332340	9606.ENSP00000417602	0	0	0	0	0.094	0.840	0	0.293	0.888
DDX28	MRPS30	9606.ENSP00000332340	9606.ENSP00000424328	0	0	0	0	0.109	0.894	0	0.210	0.919
DLST	UQCRC1	9606.ENSP00000335304	9606.ENSP00000203407	0	0	0	0	0.611	0.071	0	0.196	0.684
DLST	SDHA	9606.ENSP00000335304	9606.ENSP00000264932	0.111	0.007	0	0	0.620	0.095	0	0.543	0.841
DLST	OXSM	9606.ENSP00000335304	9606.ENSP00000280701	0.048	0	0	0	0.235	0	0	0.329	0.469
DLST	LIPT2	9606.ENSP00000335304	9606.ENSP00000309463	0.095	0	0	0	0.074	0.066	0	0.324	0.400
DLST	TUFM	9606.ENSP00000335304	9606.ENSP00000322439	0	0	0	0	0.248	0.088	0	0.269	0.455
DLST	MDH2	9606.ENSP00000335304	9606.ENSP00000327070	0.057	0	0	0	0.585	0.156	0	0.628	0.861
DLST	IBA57	9606.ENSP00000335304	9606.ENSP00000355672	0	0	0	0	0.075	0	0.585	0	0.599
DLST	TKT	9606.ENSP00000335304	9606.ENSP00000391481	0.042	0	0	0	0.147	0	0.304	0.396	0.611
DLST	LIPT1	9606.ENSP00000335304	9606.ENSP00000377115	0.111	0	0	0	0.205	0.122	0.400	0.387	0.730
DLST	FH	9606.ENSP00000335304	9606.ENSP00000355518	0	0	0	0	0.368	0.069	0.360	0.578	0.820
DLST	SDHB	9606.ENSP00000335304	9606.ENSP00000364649	0.111	0.005	0	0	0.779	0.128	0	0.398	0.883
EEF1B2	MRPS34	9606.ENSP00000376055	9606.ENSP00000177742	0	0	0	0	0.392	0	0	0.204	0.495
EEF1B2	MRPL16	9606.ENSP00000376055	9606.ENSP00000300151	0	0	0	0	0.420	0.095	0	0.109	0.491
EEF1B2	MRPL13	9606.ENSP00000376055	9606.ENSP00000306548	0	0	0	0	0.558	0.092	0	0.072	0.595
EEF1B2	VARS2	9606.ENSP00000376055	9606.ENSP00000441000	0	0	0	0	0.124	0.049	0	0.551	0.594
EEF1B2	NME2	9606.ENSP00000376055	9606.ENSP00000376886	0	0.059	0	0	0.735	0	0	0.234	0.792
EXOC6	CALM1	9606.ENSP00000260762	9606.ENSP00000499717	0	0	0	0	0	0.052	0.500	0.106	0.539
EXOC6	PKD1	9606.ENSP00000260762	9606.ENSP00000262304	0	0	0	0	0	0	0.500	0.152	0.558
FARS2	MARS2	9606.ENSP00000316335	9606.ENSP00000282276	0.043	0	0	0	0.162	0.051	0	0.776	0.807
FARS2	BCS1L	9606.ENSP00000316335	9606.ENSP00000413908	0	0	0	0	0.253	0	0	0.234	0.404
FARS2	IBA57	9606.ENSP00000316335	9606.ENSP00000355672	0	0	0	0	0.056	0	0	0.411	0.420
FARS2	ALDH18A1	9606.ENSP00000316335	9606.ENSP00000360268	0.046	0	0	0	0.093	0	0	0.404	0.440
FARS2	TUFM	9606.ENSP00000316335	9606.ENSP00000322439	0	0	0	0	0.422	0	0	0.390	0.632
FARS2	VARS2	9606.ENSP00000316335	9606.ENSP00000441000	0.101	0.066	0	0	0.269	0	0	0.757	0.831
FARS2	DARS2	9606.ENSP00000316335	9606.ENSP00000497569	0.056	0	0	0	0.389	0	0	0.793	0.870
FDXR	COQ3	9606.ENSP00000416515	9606.ENSP00000254759	0	0	0	0	0.066	0.165	0	0.578	0.642
FDXR	IREB2	9606.ENSP00000416515	9606.ENSP00000258886	0.084	0	0	0	0	0	0	0.472	0.496
FDXR	GLS	9606.ENSP00000416515	9606.ENSP00000317379	0	0	0	0	0.055	0	0.585	0.132	0.630
FDXR	GLRX5	9606.ENSP00000416515	9606.ENSP00000328570	0	0	0	0	0.057	0	0	0.672	0.677
FDXR	IBA57	9606.ENSP00000416515	9606.ENSP00000355672	0	0	0	0	0.044	0	0	0.685	0.686
FDXR	ALDH18A1	9606.ENSP00000416515	9606.ENSP00000360268	0.215	0	0	0	0.049	0	0.792	0.363	0.887
FDXR	ISCA1	9606.ENSP00000416515	9606.ENSP00000365159	0	0	0	0	0	0	0	0.664	0.664
FDXR	G6PD	9606.ENSP00000416515	9606.ENSP00000377192	0.054	0	0	0	0.086	0	0	0.448	0.481
FDXR	ISCA2	9606.ENSP00000416515	9606.ENSP00000452007	0	0	0	0	0	0	0	0.644	0.644
FDXR	DARS2	9606.ENSP00000416515	9606.ENSP00000497569	0	0	0	0	0.049	0.110	0.683	0	0.708
FH	UQCRC1	9606.ENSP00000355518	9606.ENSP00000203407	0	0	0	0	0.375	0	0	0.193	0.474
FH	SLC25A1	9606.ENSP00000355518	9606.ENSP00000215882	0	0	0	0	0.088	0.079	0	0.351	0.408
FH	AK1	9606.ENSP00000355518	9606.ENSP00000223836	0	0	0	0	0.047	0	0.285	0.253	0.447
FH	IREB2	9606.ENSP00000355518	9606.ENSP00000258886	0.115	0	0	0	0.298	0.129	0	0.440	0.657
FH	SDHA	9606.ENSP00000355518	9606.ENSP00000264932	0.231	0.540	0	0	0.838	0.098	0.980	0.768	0.999
FH	OXSM	9606.ENSP00000355518	9606.ENSP00000280701	0	0	0	0	0.081	0	0	0.405	0.430
FH	GLS	9606.ENSP00000355518	9606.ENSP00000317379	0	0	0	0	0.042	0	0	0.414	0.415
FH	TUFM	9606.ENSP00000355518	9606.ENSP00000322439	0	0	0	0	0.325	0	0	0.396	0.575
FH	MDH2	9606.ENSP00000355518	9606.ENSP00000327070	0.090	0	0	0	0.431	0.328	0.978	0.809	0.998
FH	DLST	9606.ENSP00000355518	9606.ENSP00000335304	0	0	0	0	0.368	0.069	0.360	0.578	0.820
FH	PPCDC	9606.ENSP00000355518	9606.ENSP00000343190	0	0.535	0	0	0	0	0	0.065	0.547
FH	PPA2	9606.ENSP00000355518	9606.ENSP00000343885	0.055	0	0	0	0.209	0	0	0.383	0.499
FH	ALDH18A1	9606.ENSP00000355518	9606.ENSP00000360268	0	0	0	0	0.072	0	0	0.409	0.428
FH	G6PD	9606.ENSP00000355518	9606.ENSP00000377192	0	0	0	0	0.060	0	0	0.663	0.670
FH	TKT	9606.ENSP00000355518	9606.ENSP00000391481	0	0	0	0	0.148	0.179	0	0.647	0.731
FH	SDHB	9606.ENSP00000355518	9606.ENSP00000364649	0.231	0	0	0	0.575	0.126	0.980	0.893	0.999
G6PD	SDHA	9606.ENSP00000377192	9606.ENSP00000264932	0.053	0	0	0	0.072	0	0	0.507	0.530
G6PD	OXSM	9606.ENSP00000377192	9606.ENSP00000280701	0.096	0	0	0	0.047	0	0	0.399	0.437
G6PD	MDH2	9606.ENSP00000377192	9606.ENSP00000327070	0	0	0	0	0.144	0	0	0.641	0.680
G6PD	PPA2	9606.ENSP00000377192	9606.ENSP00000343885	0.042	0	0	0	0.145	0	0	0.365	0.434
G6PD	FH	9606.ENSP00000377192	9606.ENSP00000355518	0	0	0	0	0.060	0	0	0.663	0.670
G6PD	ALDH18A1	9606.ENSP00000377192	9606.ENSP00000360268	0	0	0	0	0.042	0	0	0.435	0.436
G6PD	SDHB	9606.ENSP00000377192	9606.ENSP00000364649	0.042	0	0	0	0.061	0	0	0.467	0.479
G6PD	FDXR	9606.ENSP00000377192	9606.ENSP00000416515	0.054	0	0	0	0.086	0	0	0.448	0.481
G6PD	GCLC	9606.ENSP00000377192	9606.ENSP00000497574	0	0	0	0	0.056	0	0	0.519	0.526
G6PD	TKT	9606.ENSP00000377192	9606.ENSP00000391481	0.102	0	0	0	0.403	0.189	0	0.818	0.910
GADD45GIP1	MRPS34	9606.ENSP00000323065	9606.ENSP00000177742	0	0	0	0	0.571	0.844	0	0.146	0.938
GADD45GIP1	MRPS18B	9606.ENSP00000323065	9606.ENSP00000259873	0	0	0	0	0.112	0.829	0	0.529	0.922
GADD45GIP1	MRPL17	9606.ENSP00000323065	9606.ENSP00000288937	0	0	0	0	0.138	0.960	0	0.209	0.970
GADD45GIP1	MRPL16	9606.ENSP00000323065	9606.ENSP00000300151	0	0	0	0	0.225	0.959	0	0.242	0.974
GADD45GIP1	MRPL13	9606.ENSP00000323065	9606.ENSP00000306548	0	0	0	0	0.144	0.959	0	0.215	0.970
GADD45GIP1	MRPS24	9606.ENSP00000323065	9606.ENSP00000318158	0	0	0	0	0.183	0.829	0	0.077	0.860
GADD45GIP1	TUFM	9606.ENSP00000323065	9606.ENSP00000322439	0	0	0	0	0.180	0.811	0.500	0.208	0.930
GADD45GIP1	DDX28	9606.ENSP00000323065	9606.ENSP00000332340	0	0	0	0	0.055	0.800	0	0.055	0.805
GADD45GIP1	MRPS27	9606.ENSP00000323065	9606.ENSP00000426941	0	0	0	0	0.049	0.849	0	0.228	0.880
GADD45GIP1	MRPS26	9606.ENSP00000323065	9606.ENSP00000369682	0	0	0	0	0.425	0.831	0	0.063	0.901
GADD45GIP1	MRPL47	9606.ENSP00000323065	9606.ENSP00000417602	0	0	0	0	0.124	0.969	0	0.303	0.980
GADD45GIP1	MRPL52	9606.ENSP00000323065	9606.ENSP00000347277	0	0	0	0	0.142	0.958	0	0.524	0.981
GADD45GIP1	MRPS30	9606.ENSP00000323065	9606.ENSP00000424328	0	0	0	0	0.058	0.969	0	0.463	0.983
GADD45GIP1	MRPL40	9606.ENSP00000323065	9606.ENSP00000333401	0	0	0	0	0.401	0.959	0	0.482	0.986
GATC	UQCRC1	9606.ENSP00000446872	9606.ENSP00000203407	0	0	0	0	0.301	0.576	0.217	0.204	0.790
GATC	SDHB	9606.ENSP00000446872	9606.ENSP00000364649	0	0	0	0	0.295	0.073	0	0.203	0.434
GCLC	GLS	9606.ENSP00000497574	9606.ENSP00000317379	0	0	0	0	0.042	0	0.800	0.290	0.852
GCLC	ALDH18A1	9606.ENSP00000497574	9606.ENSP00000360268	0	0	0	0	0	0.126	0	0.417	0.469
GCLC	G6PD	9606.ENSP00000497574	9606.ENSP00000377192	0	0	0	0	0.056	0	0	0.519	0.526
GCLC	GSS	9606.ENSP00000497574	9606.ENSP00000495750	0	0	0	0	0.106	0.113	0.980	0.761	0.995
GLRX5	IREB2	9606.ENSP00000328570	9606.ENSP00000258886	0	0	0	0	0.042	0	0	0.475	0.476
GLRX5	LIPT2	9606.ENSP00000328570	9606.ENSP00000309463	0.045	0	0	0	0.049	0	0	0.447	0.453
GLRX5	FDXR	9606.ENSP00000328570	9606.ENSP00000416515	0	0	0	0	0.057	0	0	0.672	0.677
GLRX5	IBA57	9606.ENSP00000328570	9606.ENSP00000355672	0	0	0	0	0.047	0	0	0.811	0.812
GLRX5	ISCA1	9606.ENSP00000328570	9606.ENSP00000365159	0	0	0	0	0.270	0	0.400	0.914	0.959
GLRX5	ISCA2	9606.ENSP00000328570	9606.ENSP00000452007	0	0	0	0	0.067	0.162	0.400	0.947	0.971
GLS	FH	9606.ENSP00000317379	9606.ENSP00000355518	0	0	0	0	0.042	0	0	0.414	0.415
GLS	FDXR	9606.ENSP00000317379	9606.ENSP00000416515	0	0	0	0	0.055	0	0.585	0.132	0.630
GLS	GCLC	9606.ENSP00000317379	9606.ENSP00000497574	0	0	0	0	0.042	0	0.800	0.290	0.852
GLS	ALDH18A1	9606.ENSP00000317379	9606.ENSP00000360268	0.071	0	0	0	0.050	0	0.962	0.283	0.973
GSS	GCLC	9606.ENSP00000495750	9606.ENSP00000497574	0	0	0	0	0.106	0.113	0.980	0.761	0.995
GTPBP8	MRPL17	9606.ENSP00000373176	9606.ENSP00000288937	0.231	0	0	0	0.073	0.898	0	0.065	0.922
GTPBP8	RPUSD4	9606.ENSP00000373176	9606.ENSP00000298317	0.057	0	0	0	0.095	0.584	0	0.406	0.760
GTPBP8	MRPL13	9606.ENSP00000373176	9606.ENSP00000306548	0.094	0	0	0	0.129	0.898	0	0	0.912
GTPBP8	TUFM	9606.ENSP00000373176	9606.ENSP00000322439	0.195	0	0	0	0.047	0	0	0.352	0.459
GTPBP8	DDX28	9606.ENSP00000373176	9606.ENSP00000332340	0	0	0	0	0.094	0.186	0	0.665	0.731
GTPBP8	DARS2	9606.ENSP00000373176	9606.ENSP00000497569	0.231	0	0	0	0.100	0	0	0.246	0.432
GTPBP8	MRPL47	9606.ENSP00000373176	9606.ENSP00000417602	0	0	0	0	0.138	0.898	0	0	0.908
HSD17B10	ALDH18A1	9606.ENSP00000168216	9606.ENSP00000360268	0	0	0	0	0.074	0	0	0.388	0.409
HSD17B10	SDHA	9606.ENSP00000168216	9606.ENSP00000264932	0	0	0	0	0.263	0.077	0	0.202	0.410
HSD17B10	UQCRC1	9606.ENSP00000168216	9606.ENSP00000203407	0	0	0	0	0.331	0	0	0.340	0.540
HSD17B10	TUFM	9606.ENSP00000168216	9606.ENSP00000322439	0	0	0	0	0.342	0.095	0	0.296	0.544
HSD17B10	MDH2	9606.ENSP00000168216	9606.ENSP00000327070	0	0	0	0	0.477	0.146	0	0.167	0.595
IBA57	IREB2	9606.ENSP00000355672	9606.ENSP00000258886	0.115	0	0	0	0.111	0	0	0.365	0.457
IBA57	LIPT2	9606.ENSP00000355672	9606.ENSP00000309463	0	0	0	0	0	0	0	0.646	0.646
IBA57	FARS2	9606.ENSP00000355672	9606.ENSP00000316335	0	0	0	0	0.056	0	0	0.411	0.420
IBA57	GLRX5	9606.ENSP00000355672	9606.ENSP00000328570	0	0	0	0	0.047	0	0	0.811	0.812
IBA57	DLST	9606.ENSP00000355672	9606.ENSP00000335304	0	0	0	0	0.075	0	0.585	0	0.599
IBA57	ALDH18A1	9606.ENSP00000355672	9606.ENSP00000360268	0	0	0	0	0.044	0	0	0.457	0.459
IBA57	SDHB	9606.ENSP00000355672	9606.ENSP00000364649	0.231	0	0	0	0.148	0	0	0.313	0.511
IBA57	LIPT1	9606.ENSP00000355672	9606.ENSP00000377115	0	0	0	0	0.049	0	0	0.598	0.601
IBA57	FDXR	9606.ENSP00000355672	9606.ENSP00000416515	0	0	0	0	0.044	0	0	0.685	0.686
IBA57	ISCA1	9606.ENSP00000355672	9606.ENSP00000365159	0.070	0	0	0	0.086	0.210	0	0.991	0.993
IBA57	ISCA2	9606.ENSP00000355672	9606.ENSP00000452007	0.070	0	0	0	0.087	0.643	0	0.995	0.998
IREB2	MRPL13	9606.ENSP00000258886	9606.ENSP00000306548	0	0	0	0	0.069	0.405	0	0.080	0.446
IREB2	ISCA1	9606.ENSP00000258886	9606.ENSP00000365159	0.061	0	0	0	0.049	0	0	0.430	0.447
IREB2	IBA57	9606.ENSP00000258886	9606.ENSP00000355672	0.115	0	0	0	0.111	0	0	0.365	0.457
IREB2	GLRX5	9606.ENSP00000258886	9606.ENSP00000328570	0	0	0	0	0.042	0	0	0.475	0.476
IREB2	ALDH18A1	9606.ENSP00000258886	9606.ENSP00000360268	0.226	0	0	0	0	0	0	0.353	0.477
IREB2	FDXR	9606.ENSP00000258886	9606.ENSP00000416515	0.084	0	0	0	0	0	0	0.472	0.496
IREB2	MAPK9	9606.ENSP00000258886	9606.ENSP00000394560	0	0	0	0	0.105	0.474	0	0.044	0.511
IREB2	MDH2	9606.ENSP00000258886	9606.ENSP00000327070	0.058	0	0	0	0.152	0.096	0	0.429	0.532
IREB2	MRPL47	9606.ENSP00000258886	9606.ENSP00000417602	0	0	0	0	0.055	0.595	0	0	0.601
IREB2	MRPL17	9606.ENSP00000258886	9606.ENSP00000288937	0	0	0	0	0.088	0.595	0	0.125	0.648
IREB2	SDHA	9606.ENSP00000258886	9606.ENSP00000264932	0.098	0	0	0	0.392	0.104	0	0.373	0.651
IREB2	MRPL40	9606.ENSP00000258886	9606.ENSP00000333401	0	0	0	0	0.109	0.595	0	0.116	0.653
IREB2	FH	9606.ENSP00000258886	9606.ENSP00000355518	0.115	0	0	0	0.298	0.129	0	0.440	0.657
IREB2	SDHB	9606.ENSP00000258886	9606.ENSP00000364649	0.081	0	0	0	0.597	0.136	0	0.447	0.799
ISCA1	IREB2	9606.ENSP00000365159	9606.ENSP00000258886	0.061	0	0	0	0.049	0	0	0.430	0.447
ISCA1	GLRX5	9606.ENSP00000365159	9606.ENSP00000328570	0	0	0	0	0.270	0	0.400	0.914	0.959
ISCA1	IBA57	9606.ENSP00000365159	9606.ENSP00000355672	0.070	0	0	0	0.086	0.210	0	0.991	0.993
ISCA1	SDHB	9606.ENSP00000365159	9606.ENSP00000364649	0	0	0	0	0.221	0	0	0.417	0.527
ISCA1	FDXR	9606.ENSP00000365159	9606.ENSP00000416515	0	0	0	0	0	0	0	0.664	0.664
ISCA1	ISCA2	9606.ENSP00000365159	9606.ENSP00000452007	0	0	0.174	0.715	0.143	0.453	0.900	0.934	0.997
ISCA2	LIPT2	9606.ENSP00000452007	9606.ENSP00000309463	0	0	0	0	0.049	0	0	0.591	0.594
ISCA2	GLRX5	9606.ENSP00000452007	9606.ENSP00000328570	0	0	0	0	0.067	0.162	0.400	0.947	0.971
ISCA2	IBA57	9606.ENSP00000452007	9606.ENSP00000355672	0.070	0	0	0	0.087	0.643	0	0.995	0.998
ISCA2	SDHB	9606.ENSP00000452007	9606.ENSP00000364649	0	0	0	0	0.212	0	0	0.413	0.518
ISCA2	ISCA1	9606.ENSP00000452007	9606.ENSP00000365159	0	0	0.174	0.715	0.143	0.453	0.900	0.934	0.997
ISCA2	LIPT1	9606.ENSP00000452007	9606.ENSP00000377115	0.053	0	0	0	0.049	0	0	0.478	0.488
ISCA2	FDXR	9606.ENSP00000452007	9606.ENSP00000416515	0	0	0	0	0	0	0	0.644	0.644
ISCA2	DARS2	9606.ENSP00000452007	9606.ENSP00000497569	0.100	0	0	0	0.063	0	0	0.400	0.450
LIPT1	MECR	9606.ENSP00000377115	9606.ENSP00000263702	0	0	0	0	0.060	0	0.800	0.575	0.913
LIPT1	OXSM	9606.ENSP00000377115	9606.ENSP00000280701	0.069	0	0	0	0.076	0	0.800	0.556	0.913
LIPT1	MCAT	9606.ENSP00000377115	9606.ENSP00000290429	0	0	0	0	0	0	0	0.443	0.443
LIPT1	LIPT2	9606.ENSP00000377115	9606.ENSP00000309463	0.061	0	0	0	0.049	0.071	0.978	0.912	0.998
LIPT1	DLST	9606.ENSP00000377115	9606.ENSP00000335304	0.111	0	0	0	0.205	0.122	0.400	0.387	0.730
LIPT1	IBA57	9606.ENSP00000377115	9606.ENSP00000355672	0	0	0	0	0.049	0	0	0.598	0.601
LIPT1	ISCA2	9606.ENSP00000377115	9606.ENSP00000452007	0.053	0	0	0	0.049	0	0	0.478	0.488
LIPT1	SLC25A19	9606.ENSP00000377115	9606.ENSP00000385312	0	0	0	0	0.144	0	0	0.523	0.574
LIPT2	MECR	9606.ENSP00000309463	9606.ENSP00000263702	0	0	0	0	0.081	0	0.800	0.591	0.918
LIPT2	OXSM	9606.ENSP00000309463	9606.ENSP00000280701	0	0	0	0	0.059	0.066	0.800	0.358	0.872
LIPT2	DLST	9606.ENSP00000309463	9606.ENSP00000335304	0.095	0	0	0	0.074	0.066	0	0.324	0.400
LIPT2	ALDH18A1	9606.ENSP00000309463	9606.ENSP00000360268	0.120	0	0	0	0	0	0	0.353	0.406
LIPT2	GLRX5	9606.ENSP00000309463	9606.ENSP00000328570	0.045	0	0	0	0.049	0	0	0.447	0.453
LIPT2	SLC25A19	9606.ENSP00000309463	9606.ENSP00000385312	0	0	0	0	0	0	0	0.497	0.497
LIPT2	ISCA2	9606.ENSP00000309463	9606.ENSP00000452007	0	0	0	0	0.049	0	0	0.591	0.594
LIPT2	IBA57	9606.ENSP00000309463	9606.ENSP00000355672	0	0	0	0	0	0	0	0.646	0.646
LIPT2	LIPT1	9606.ENSP00000309463	9606.ENSP00000377115	0.061	0	0	0	0.049	0.071	0.978	0.912	0.998
MAPK9	IREB2	9606.ENSP00000394560	9606.ENSP00000258886	0	0	0	0	0.105	0.474	0	0.044	0.511
MAPK9	MRPL17	9606.ENSP00000394560	9606.ENSP00000288937	0	0	0	0	0.093	0.804	0	0	0.814
MAPK9	MRPL16	9606.ENSP00000394560	9606.ENSP00000300151	0	0	0	0	0.105	0.767	0	0	0.782
MAPK9	MRPL13	9606.ENSP00000394560	9606.ENSP00000306548	0	0	0	0	0.090	0.767	0	0.066	0.784
MAPK9	DDX28	9606.ENSP00000394560	9606.ENSP00000332340	0	0	0	0	0.042	0.085	0	0.390	0.419
MAPK9	MRPL40	9606.ENSP00000394560	9606.ENSP00000333401	0	0	0	0	0.095	0.767	0	0.064	0.785
MAPK9	MRPL47	9606.ENSP00000394560	9606.ENSP00000417602	0	0	0	0	0.054	0.767	0	0	0.770
MARS2	AK1	9606.ENSP00000282276	9606.ENSP00000223836	0.041	0	0	0	0.051	0	0	0.431	0.437
MARS2	ALDH18A1	9606.ENSP00000282276	9606.ENSP00000360268	0.055	0	0	0	0.085	0	0	0.382	0.419
MARS2	TUFM	9606.ENSP00000282276	9606.ENSP00000322439	0	0	0	0	0.141	0	0	0.369	0.435
MARS2	PPA2	9606.ENSP00000282276	9606.ENSP00000343885	0	0	0	0	0.065	0	0	0.448	0.462
MARS2	DARS2	9606.ENSP00000282276	9606.ENSP00000497569	0.057	0	0	0	0.295	0.058	0	0.705	0.790
MARS2	FARS2	9606.ENSP00000282276	9606.ENSP00000316335	0.043	0	0	0	0.162	0.051	0	0.776	0.807
MARS2	VARS2	9606.ENSP00000282276	9606.ENSP00000441000	0.046	0	0	0	0.220	0.076	0	0.845	0.879
MCAT	MRPS34	9606.ENSP00000290429	9606.ENSP00000177742	0.086	0	0	0	0.200	0.879	0	0.065	0.906
MCAT	MRPS18B	9606.ENSP00000290429	9606.ENSP00000259873	0	0	0	0	0.120	0.867	0	0	0.878
MCAT	MECR	9606.ENSP00000290429	9606.ENSP00000263702	0	0	0	0	0.127	0	0	0.666	0.696
MCAT	OXSM	9606.ENSP00000290429	9606.ENSP00000280701	0.231	0	0.375	0	0.964	0.071	0.900	0.710	0.999
MCAT	LIPT1	9606.ENSP00000290429	9606.ENSP00000377115	0	0	0	0	0	0	0	0.443	0.443
MCAT	DDX28	9606.ENSP00000290429	9606.ENSP00000332340	0	0	0	0	0.195	0.597	0	0	0.662
MCAT	RBFA	9606.ENSP00000290429	9606.ENSP00000305696	0	0	0	0	0.118	0.800	0	0	0.816
MCAT	MRPS24	9606.ENSP00000290429	9606.ENSP00000318158	0	0	0	0	0.082	0.834	0	0	0.841
MCAT	MRPS27	9606.ENSP00000290429	9606.ENSP00000426941	0	0	0	0	0.054	0.869	0	0	0.871
MCAT	MRPS26	9606.ENSP00000290429	9606.ENSP00000369682	0	0	0	0	0.196	0.864	0	0	0.886
MDH2	HSD17B10	9606.ENSP00000327070	9606.ENSP00000168216	0	0	0	0	0.477	0.146	0	0.167	0.595
MDH2	UQCRC1	9606.ENSP00000327070	9606.ENSP00000203407	0	0	0	0	0.783	0.094	0	0.632	0.921
MDH2	SLC25A1	9606.ENSP00000327070	9606.ENSP00000215882	0	0	0	0	0.133	0	0	0.428	0.483
MDH2	AK1	9606.ENSP00000327070	9606.ENSP00000223836	0	0	0	0	0.105	0	0	0.466	0.502
MDH2	IREB2	9606.ENSP00000327070	9606.ENSP00000258886	0.058	0	0	0	0.152	0.096	0	0.429	0.532
MDH2	SDHA	9606.ENSP00000327070	9606.ENSP00000264932	0.091	0	0	0	0.437	0.283	0	0.773	0.905
MDH2	TUFM	9606.ENSP00000327070	9606.ENSP00000322439	0	0	0	0	0.830	0.088	0	0.374	0.895
MDH2	VARS2	9606.ENSP00000327070	9606.ENSP00000441000	0.061	0	0	0	0.275	0.088	0	0.150	0.402
MDH2	PPA2	9606.ENSP00000327070	9606.ENSP00000343885	0	0	0	0	0.201	0.111	0	0.302	0.461
MDH2	ALDH18A1	9606.ENSP00000327070	9606.ENSP00000360268	0.102	0	0	0	0.062	0	0	0.425	0.474
MDH2	TKT	9606.ENSP00000327070	9606.ENSP00000391481	0.042	0	0	0	0.137	0	0	0.575	0.618
MDH2	G6PD	9606.ENSP00000327070	9606.ENSP00000377192	0	0	0	0	0.144	0	0	0.641	0.680
MDH2	DLST	9606.ENSP00000327070	9606.ENSP00000335304	0.057	0	0	0	0.585	0.156	0	0.628	0.861
MDH2	SDHB	9606.ENSP00000327070	9606.ENSP00000364649	0.091	0	0	0	0.848	0.250	0	0.756	0.971
MDH2	FH	9606.ENSP00000327070	9606.ENSP00000355518	0.090	0	0	0	0.431	0.328	0.978	0.809	0.998
MECR	SCO1	9606.ENSP00000263702	9606.ENSP00000255390	0	0	0	0	0.336	0.077	0	0.115	0.410
MECR	PPA2	9606.ENSP00000263702	9606.ENSP00000343885	0	0	0	0	0.120	0.413	0	0.114	0.502
MECR	MCAT	9606.ENSP00000263702	9606.ENSP00000290429	0	0	0	0	0.127	0	0	0.666	0.696
MECR	SDHB	9606.ENSP00000263702	9606.ENSP00000364649	0	0	0	0	0.652	0	0	0.225	0.719
MECR	LIPT1	9606.ENSP00000263702	9606.ENSP00000377115	0	0	0	0	0.060	0	0.800	0.575	0.913
MECR	LIPT2	9606.ENSP00000263702	9606.ENSP00000309463	0	0	0	0	0.081	0	0.800	0.591	0.918
MECR	OXSM	9606.ENSP00000263702	9606.ENSP00000280701	0	0	0	0	0.296	0	0.900	0.778	0.983
MIPEP	UQCRC1	9606.ENSP00000371607	9606.ENSP00000203407	0	0	0	0	0.106	0	0	0.418	0.458
MIPEP	COQ3	9606.ENSP00000371607	9606.ENSP00000254759	0	0	0	0	0.160	0	0	0.452	0.520
MRPL13	MRPS34	9606.ENSP00000306548	9606.ENSP00000177742	0.057	0	0	0	0.444	0.844	0	0.369	0.941
MRPL13	IREB2	9606.ENSP00000306548	9606.ENSP00000258886	0	0	0	0	0.069	0.405	0	0.080	0.446
MRPL13	MRPS18B	9606.ENSP00000306548	9606.ENSP00000259873	0	0	0	0	0.218	0.841	0	0.370	0.915
MRPL13	MRPL17	9606.ENSP00000306548	9606.ENSP00000288937	0.115	0	0	0	0.921	0.996	0	0.644	0.999
MRPL13	RPUSD4	9606.ENSP00000306548	9606.ENSP00000298317	0.060	0	0	0	0.094	0.603	0	0.049	0.636
MRPL13	MRPL16	9606.ENSP00000306548	9606.ENSP00000300151	0.070	0	0	0	0.590	0.995	0	0.439	0.998
MRPL13	DARS2	9606.ENSP00000306548	9606.ENSP00000497569	0.078	0	0	0	0.250	0	0	0.370	0.527
MRPL13	BCS1L	9606.ENSP00000306548	9606.ENSP00000413908	0.055	0	0	0	0.153	0.401	0	0.166	0.546
MRPL13	NME2	9606.ENSP00000306548	9606.ENSP00000376886	0.057	0	0	0	0.382	0.255	0	0.089	0.551
MRPL13	EEF1B2	9606.ENSP00000306548	9606.ENSP00000376055	0	0	0	0	0.558	0.092	0	0.072	0.595
MRPL13	PPA2	9606.ENSP00000306548	9606.ENSP00000343885	0.056	0	0	0	0.606	0.068	0	0	0.623
MRPL13	MAPK9	9606.ENSP00000306548	9606.ENSP00000394560	0	0	0	0	0.090	0.767	0	0.066	0.784
MRPL13	MRPS26	9606.ENSP00000306548	9606.ENSP00000369682	0	0	0	0	0.201	0.831	0	0.156	0.877
MRPL13	MRPS24	9606.ENSP00000306548	9606.ENSP00000318158	0	0	0	0	0.307	0.841	0	0	0.885
MRPL13	MRPS27	9606.ENSP00000306548	9606.ENSP00000426941	0	0	0	0	0.130	0.841	0	0.365	0.905
MRPL13	GTPBP8	9606.ENSP00000306548	9606.ENSP00000373176	0.094	0	0	0	0.129	0.898	0	0	0.912
MRPL13	DDX28	9606.ENSP00000306548	9606.ENSP00000332340	0	0	0	0	0.142	0.873	0	0.273	0.914
MRPL13	MRPL52	9606.ENSP00000306548	9606.ENSP00000347277	0	0	0	0	0.311	0.929	0	0.287	0.962
MRPL13	GADD45GIP1	9606.ENSP00000306548	9606.ENSP00000323065	0	0	0	0	0.144	0.959	0	0.215	0.970
MRPL13	MRPS30	9606.ENSP00000306548	9606.ENSP00000424328	0	0	0	0	0.248	0.956	0	0.260	0.973
MRPL13	TUFM	9606.ENSP00000306548	9606.ENSP00000322439	0.093	0	0	0	0.762	0.957	0.500	0.350	0.996
MRPL13	MRPL40	9606.ENSP00000306548	9606.ENSP00000333401	0	0	0	0	0.423	0.992	0	0.445	0.997
MRPL13	MRPL47	9606.ENSP00000306548	9606.ENSP00000417602	0	0	0	0	0.573	0.997	0	0.404	0.999
MRPL16	MRPS34	9606.ENSP00000300151	9606.ENSP00000177742	0	0	0	0	0.304	0.844	0	0.280	0.915
MRPL16	AK1	9606.ENSP00000300151	9606.ENSP00000223836	0.057	0	0	0	0.376	0	0	0.116	0.434
MRPL16	MRPS18B	9606.ENSP00000300151	9606.ENSP00000259873	0	0	0	0	0.369	0.841	0	0.332	0.927
MRPL16	MRPL17	9606.ENSP00000300151	9606.ENSP00000288937	0.106	0	0	0	0.712	0.991	0	0.665	0.999
MRPL16	PPA2	9606.ENSP00000300151	9606.ENSP00000343885	0	0	0	0	0.300	0	0	0.216	0.428
MRPL16	NME2	9606.ENSP00000300151	9606.ENSP00000376886	0	0	0	0	0.272	0.255	0	0.066	0.449
MRPL16	EEF1B2	9606.ENSP00000300151	9606.ENSP00000376055	0	0	0	0	0.420	0.095	0	0.109	0.491
MRPL16	MAPK9	9606.ENSP00000300151	9606.ENSP00000394560	0	0	0	0	0.105	0.767	0	0	0.782
MRPL16	BCS1L	9606.ENSP00000300151	9606.ENSP00000413908	0	0	0	0	0.635	0.302	0	0.221	0.784
MRPL16	DDX28	9606.ENSP00000300151	9606.ENSP00000332340	0	0	0	0	0.144	0.809	0	0.179	0.854
MRPL16	MRPS24	9606.ENSP00000300151	9606.ENSP00000318158	0	0	0	0	0.189	0.841	0	0	0.866
MRPL16	MRPS27	9606.ENSP00000300151	9606.ENSP00000426941	0	0	0	0	0.181	0.841	0	0.130	0.877
MRPL16	MRPS26	9606.ENSP00000300151	9606.ENSP00000369682	0	0	0	0	0.151	0.823	0	0.398	0.902
MRPL16	MRPL52	9606.ENSP00000300151	9606.ENSP00000347277	0	0	0	0	0.126	0.896	0	0.407	0.941
MRPL16	MRPS30	9606.ENSP00000300151	9606.ENSP00000424328	0	0	0	0	0.170	0.960	0	0.149	0.969
MRPL16	GADD45GIP1	9606.ENSP00000300151	9606.ENSP00000323065	0	0	0	0	0.225	0.959	0	0.242	0.974
MRPL16	TUFM	9606.ENSP00000300151	9606.ENSP00000322439	0.106	0	0	0	0.835	0.925	0.500	0.353	0.995
MRPL16	MRPL40	9606.ENSP00000300151	9606.ENSP00000333401	0	0	0	0	0.379	0.993	0	0.468	0.997
MRPL16	MRPL13	9606.ENSP00000300151	9606.ENSP00000306548	0.070	0	0	0	0.590	0.995	0	0.439	0.998
MRPL16	MRPL47	9606.ENSP00000300151	9606.ENSP00000417602	0	0	0	0	0.175	0.997	0	0.336	0.998
MRPL17	MRPS34	9606.ENSP00000288937	9606.ENSP00000177742	0.042	0	0	0	0.290	0.844	0	0.212	0.905
MRPL17	AK1	9606.ENSP00000288937	9606.ENSP00000223836	0.091	0	0	0	0.402	0	0	0.186	0.519
MRPL17	IREB2	9606.ENSP00000288937	9606.ENSP00000258886	0	0	0	0	0.088	0.595	0	0.125	0.648
MRPL17	MRPS18B	9606.ENSP00000288937	9606.ENSP00000259873	0	0	0	0	0.361	0.829	0	0.084	0.891
MRPL17	OXSM	9606.ENSP00000288937	9606.ENSP00000280701	0	0	0	0	0.422	0	0	0	0.422
MRPL17	RBFA	9606.ENSP00000288937	9606.ENSP00000305696	0	0	0	0	0.060	0	0	0.420	0.432
MRPL17	VARS2	9606.ENSP00000288937	9606.ENSP00000441000	0	0	0	0	0.114	0	0	0.418	0.462
MRPL17	RPUSD4	9606.ENSP00000288937	9606.ENSP00000298317	0.110	0	0	0	0.060	0.664	0	0.050	0.698
MRPL17	BCS1L	9606.ENSP00000288937	9606.ENSP00000413908	0	0	0	0	0.209	0.519	0	0.299	0.710
MRPL17	MAPK9	9606.ENSP00000288937	9606.ENSP00000394560	0	0	0	0	0.093	0.804	0	0	0.814
MRPL17	MRPS27	9606.ENSP00000288937	9606.ENSP00000426941	0	0	0	0	0.132	0.829	0	0.086	0.853
MRPL17	MRPS24	9606.ENSP00000288937	9606.ENSP00000318158	0	0	0	0	0.339	0.829	0	0	0.882
MRPL17	MRPS26	9606.ENSP00000288937	9606.ENSP00000369682	0	0	0	0	0.240	0.831	0	0.220	0.891
MRPL17	DDX28	9606.ENSP00000288937	9606.ENSP00000332340	0	0	0	0	0.126	0.866	0	0.203	0.899
MRPL17	GTPBP8	9606.ENSP00000288937	9606.ENSP00000373176	0.231	0	0	0	0.073	0.898	0	0.065	0.922
MRPL17	MRPL52	9606.ENSP00000288937	9606.ENSP00000347277	0	0	0	0	0.299	0.897	0	0.270	0.943
MRPL17	GADD45GIP1	9606.ENSP00000288937	9606.ENSP00000323065	0	0	0	0	0.138	0.960	0	0.209	0.970
MRPL17	MRPS30	9606.ENSP00000288937	9606.ENSP00000424328	0	0	0	0	0.083	0.980	0	0.069	0.982
MRPL17	MRPL40	9606.ENSP00000288937	9606.ENSP00000333401	0	0	0	0	0.574	0.987	0	0.233	0.995
MRPL17	TUFM	9606.ENSP00000288937	9606.ENSP00000322439	0.231	0	0	0	0.964	0.992	0.500	0.336	0.999
MRPL17	MRPL13	9606.ENSP00000288937	9606.ENSP00000306548	0.115	0	0	0	0.921	0.996	0	0.644	0.999
MRPL17	MRPL16	9606.ENSP00000288937	9606.ENSP00000300151	0.106	0	0	0	0.712	0.991	0	0.665	0.999
MRPL17	MRPL47	9606.ENSP00000288937	9606.ENSP00000417602	0	0	0	0	0.840	0.997	0	0.465	0.999
MRPL40	MRPS34	9606.ENSP00000333401	9606.ENSP00000177742	0	0	0	0	0.255	0.844	0	0.423	0.927
MRPL40	UQCRC1	9606.ENSP00000333401	9606.ENSP00000203407	0	0	0	0	0.195	0.161	0	0.187	0.403
MRPL40	SLC25A1	9606.ENSP00000333401	9606.ENSP00000215882	0	0	0	0	0.056	0	0	0.819	0.822
MRPL40	IREB2	9606.ENSP00000333401	9606.ENSP00000258886	0	0	0	0	0.109	0.595	0	0.116	0.653
MRPL40	MRPS18B	9606.ENSP00000333401	9606.ENSP00000259873	0	0	0	0	0.255	0.829	0	0.442	0.923
MRPL40	MRPL17	9606.ENSP00000333401	9606.ENSP00000288937	0	0	0	0	0.574	0.987	0	0.233	0.995
MRPL40	MRPL16	9606.ENSP00000333401	9606.ENSP00000300151	0	0	0	0	0.379	0.993	0	0.468	0.997
MRPL40	MRPL13	9606.ENSP00000333401	9606.ENSP00000306548	0	0	0	0	0.423	0.992	0	0.445	0.997
MRPL40	MRPS24	9606.ENSP00000333401	9606.ENSP00000318158	0	0	0	0	0.399	0.829	0	0.091	0.898
MRPL40	TUFM	9606.ENSP00000333401	9606.ENSP00000322439	0	0	0	0	0.332	0.809	0.500	0.199	0.942
MRPL40	GADD45GIP1	9606.ENSP00000333401	9606.ENSP00000323065	0	0	0	0	0.401	0.959	0	0.482	0.986
MRPL40	BCS1L	9606.ENSP00000333401	9606.ENSP00000413908	0	0	0	0	0.338	0.252	0	0.073	0.501
MRPL40	MAPK9	9606.ENSP00000333401	9606.ENSP00000394560	0	0	0	0	0.095	0.767	0	0.064	0.785
MRPL40	MRPS26	9606.ENSP00000333401	9606.ENSP00000369682	0	0	0	0	0.234	0.831	0	0	0.865
MRPL40	MRPS27	9606.ENSP00000333401	9606.ENSP00000426941	0	0	0	0	0.099	0.829	0	0.454	0.909
MRPL40	MRPL52	9606.ENSP00000333401	9606.ENSP00000347277	0	0	0	0	0.257	0.927	0	0.326	0.960
MRPL40	MRPS30	9606.ENSP00000333401	9606.ENSP00000424328	0	0	0	0	0.106	0.963	0	0.430	0.980
MRPL40	MRPL47	9606.ENSP00000333401	9606.ENSP00000417602	0	0	0	0	0.327	0.997	0	0.308	0.998
MRPL47	MRPS34	9606.ENSP00000417602	9606.ENSP00000177742	0	0	0	0	0.180	0.844	0	0.084	0.873
MRPL47	IREB2	9606.ENSP00000417602	9606.ENSP00000258886	0	0	0	0	0.055	0.595	0	0	0.601
MRPL47	MRPS18B	9606.ENSP00000417602	9606.ENSP00000259873	0	0	0	0	0.190	0.829	0	0.511	0.926
MRPL47	MRPL17	9606.ENSP00000417602	9606.ENSP00000288937	0	0	0	0	0.840	0.997	0	0.465	0.999
MRPL47	RPUSD4	9606.ENSP00000417602	9606.ENSP00000298317	0	0	0	0	0.049	0.607	0	0.322	0.725
MRPL47	MRPL16	9606.ENSP00000417602	9606.ENSP00000300151	0	0	0	0	0.175	0.997	0	0.336	0.998
MRPL47	MRPL13	9606.ENSP00000417602	9606.ENSP00000306548	0	0	0	0	0.573	0.997	0	0.404	0.999
MRPL47	MRPS24	9606.ENSP00000417602	9606.ENSP00000318158	0	0	0	0	0.295	0.829	0	0.373	0.918
MRPL47	TUFM	9606.ENSP00000417602	9606.ENSP00000322439	0	0	0	0	0.055	0.809	0.500	0.188	0.917
MRPL47	GADD45GIP1	9606.ENSP00000417602	9606.ENSP00000323065	0	0	0	0	0.124	0.969	0	0.303	0.980
MRPL47	DDX28	9606.ENSP00000417602	9606.ENSP00000332340	0	0	0	0	0.094	0.840	0	0.293	0.888
MRPL47	MRPL40	9606.ENSP00000417602	9606.ENSP00000333401	0	0	0	0	0.327	0.997	0	0.308	0.998
MRPL47	MRPL52	9606.ENSP00000417602	9606.ENSP00000347277	0	0	0	0	0.138	0.896	0	0.092	0.912
MRPL47	MRPS26	9606.ENSP00000417602	9606.ENSP00000369682	0	0	0	0	0.200	0.838	0	0	0.865
MRPL47	GTPBP8	9606.ENSP00000417602	9606.ENSP00000373176	0	0	0	0	0.138	0.898	0	0	0.908
MRPL47	MAPK9	9606.ENSP00000417602	9606.ENSP00000394560	0	0	0	0	0.054	0.767	0	0	0.770
MRPL47	MRPS27	9606.ENSP00000417602	9606.ENSP00000426941	0	0	0	0	0.103	0.829	0	0.184	0.864
MRPL47	MRPS30	9606.ENSP00000417602	9606.ENSP00000424328	0	0	0	0	0.119	0.959	0	0.155	0.967
MRPL52	MRPS34	9606.ENSP00000347277	9606.ENSP00000177742	0	0	0	0	0.120	0.844	0	0.354	0.904
MRPL52	MRPS18B	9606.ENSP00000347277	9606.ENSP00000259873	0	0	0	0	0.148	0.829	0	0.431	0.910
MRPL52	MRPL17	9606.ENSP00000347277	9606.ENSP00000288937	0	0	0	0	0.299	0.897	0	0.270	0.943
MRPL52	MRPL16	9606.ENSP00000347277	9606.ENSP00000300151	0	0	0	0	0.126	0.896	0	0.407	0.941
MRPL52	MRPL13	9606.ENSP00000347277	9606.ENSP00000306548	0	0	0	0	0.311	0.929	0	0.287	0.962
MRPL52	MRPS24	9606.ENSP00000347277	9606.ENSP00000318158	0	0	0	0	0.277	0.829	0	0.306	0.907
MRPL52	TUFM	9606.ENSP00000347277	9606.ENSP00000322439	0	0	0	0	0.060	0.811	0.500	0.116	0.911
MRPL52	GADD45GIP1	9606.ENSP00000347277	9606.ENSP00000323065	0	0	0	0	0.142	0.958	0	0.524	0.981
MRPL52	DDX28	9606.ENSP00000347277	9606.ENSP00000332340	0	0	0	0	0.069	0.838	0	0.049	0.844
MRPL52	MRPL40	9606.ENSP00000347277	9606.ENSP00000333401	0	0	0	0	0.257	0.927	0	0.326	0.960
MRPL52	COX16	9606.ENSP00000347277	9606.ENSP00000374562	0	0	0	0	0.203	0	0	0.298	0.417
MRPL52	MRPS27	9606.ENSP00000347277	9606.ENSP00000426941	0	0	0	0	0.060	0.829	0	0.076	0.839
MRPL52	MRPS26	9606.ENSP00000347277	9606.ENSP00000369682	0	0	0	0	0.169	0.831	0	0	0.854
MRPL52	MRPL47	9606.ENSP00000347277	9606.ENSP00000417602	0	0	0	0	0.138	0.896	0	0.092	0.912
MRPL52	MRPS30	9606.ENSP00000347277	9606.ENSP00000424328	0	0	0	0	0.049	0.931	0	0.638	0.974
MRPS18B	MRPS34	9606.ENSP00000259873	9606.ENSP00000177742	0	0	0	0	0.279	0.979	0.720	0.311	0.996
MRPS18B	DARS2	9606.ENSP00000259873	9606.ENSP00000497569	0	0	0	0	0.099	0	0	0.378	0.416
MRPS18B	DDX28	9606.ENSP00000259873	9606.ENSP00000332340	0	0	0	0	0.133	0.095	0	0.330	0.429
MRPS18B	NME2	9606.ENSP00000259873	9606.ENSP00000376886	0	0	0	0	0.172	0.418	0	0	0.497
MRPS18B	RBFA	9606.ENSP00000259873	9606.ENSP00000305696	0	0	0	0	0.060	0.812	0	0.269	0.859
MRPS18B	MCAT	9606.ENSP00000259873	9606.ENSP00000290429	0	0	0	0	0.120	0.867	0	0	0.878
MRPS18B	MRPL17	9606.ENSP00000259873	9606.ENSP00000288937	0	0	0	0	0.361	0.829	0	0.084	0.891
MRPS18B	MRPL52	9606.ENSP00000259873	9606.ENSP00000347277	0	0	0	0	0.148	0.829	0	0.431	0.910
MRPS18B	MRPL13	9606.ENSP00000259873	9606.ENSP00000306548	0	0	0	0	0.218	0.841	0	0.370	0.915
MRPS18B	TUFM	9606.ENSP00000259873	9606.ENSP00000322439	0	0	0	0	0.141	0.809	0.500	0.111	0.917
MRPS18B	GADD45GIP1	9606.ENSP00000259873	9606.ENSP00000323065	0	0	0	0	0.112	0.829	0	0.529	0.922
MRPS18B	MRPL40	9606.ENSP00000259873	9606.ENSP00000333401	0	0	0	0	0.255	0.829	0	0.442	0.923
MRPS18B	MRPL47	9606.ENSP00000259873	9606.ENSP00000417602	0	0	0	0	0.190	0.829	0	0.511	0.926
MRPS18B	MRPL16	9606.ENSP00000259873	9606.ENSP00000300151	0	0	0	0	0.369	0.841	0	0.332	0.927
MRPS18B	MRPS30	9606.ENSP00000259873	9606.ENSP00000424328	0	0	0	0	0.101	0.829	0.500	0.445	0.951
MRPS18B	MRPS24	9606.ENSP00000259873	9606.ENSP00000318158	0	0	0	0	0.261	0.910	0.720	0.167	0.982
MRPS18B	MRPS26	9606.ENSP00000259873	9606.ENSP00000369682	0	0	0	0	0.305	0.983	0.540	0.327	0.996
MRPS18B	MRPS27	9606.ENSP00000259873	9606.ENSP00000426941	0	0	0	0	0.206	0.987	0.900	0.605	0.999
MRPS24	MRPS34	9606.ENSP00000318158	9606.ENSP00000177742	0	0	0	0	0.357	0.943	0.800	0.407	0.995
MRPS24	MRPS18B	9606.ENSP00000318158	9606.ENSP00000259873	0	0	0	0	0.261	0.910	0.720	0.167	0.982
MRPS24	MRPL17	9606.ENSP00000318158	9606.ENSP00000288937	0	0	0	0	0.339	0.829	0	0	0.882
MRPS24	MCAT	9606.ENSP00000318158	9606.ENSP00000290429	0	0	0	0	0.082	0.834	0	0	0.841
MRPS24	MRPL16	9606.ENSP00000318158	9606.ENSP00000300151	0	0	0	0	0.189	0.841	0	0	0.866
MRPS24	RBFA	9606.ENSP00000318158	9606.ENSP00000305696	0	0	0	0	0.112	0.812	0	0	0.826
MRPS24	MRPL13	9606.ENSP00000318158	9606.ENSP00000306548	0	0	0	0	0.307	0.841	0	0	0.885
MRPS24	NME2	9606.ENSP00000318158	9606.ENSP00000376886	0	0	0	0	0.237	0.306	0	0	0.448
MRPS24	GADD45GIP1	9606.ENSP00000318158	9606.ENSP00000323065	0	0	0	0	0.183	0.829	0	0.077	0.860
MRPS24	MRPL40	9606.ENSP00000318158	9606.ENSP00000333401	0	0	0	0	0.399	0.829	0	0.091	0.898
MRPS24	MRPL52	9606.ENSP00000318158	9606.ENSP00000347277	0	0	0	0	0.277	0.829	0	0.306	0.907
MRPS24	TUFM	9606.ENSP00000318158	9606.ENSP00000322439	0	0	0	0	0.149	0.809	0.500	0	0.912
MRPS24	MRPL47	9606.ENSP00000318158	9606.ENSP00000417602	0	0	0	0	0.295	0.829	0	0.373	0.918
MRPS24	MRPS30	9606.ENSP00000318158	9606.ENSP00000424328	0	0	0	0	0.195	0.829	0.800	0.246	0.976
MRPS24	MRPS27	9606.ENSP00000318158	9606.ENSP00000426941	0	0	0	0	0.060	0.948	0.800	0.395	0.993
MRPS24	MRPS26	9606.ENSP00000318158	9606.ENSP00000369682	0	0	0	0	0.294	0.917	0.800	0.526	0.993
MRPS26	MRPS34	9606.ENSP00000369682	9606.ENSP00000177742	0	0	0	0	0.594	0.978	0.800	0.351	0.998
MRPS26	MRPS18B	9606.ENSP00000369682	9606.ENSP00000259873	0	0	0	0	0.305	0.983	0.540	0.327	0.996
MRPS26	MRPL17	9606.ENSP00000369682	9606.ENSP00000288937	0	0	0	0	0.240	0.831	0	0.220	0.891
MRPS26	MCAT	9606.ENSP00000369682	9606.ENSP00000290429	0	0	0	0	0.196	0.864	0	0	0.886
MRPS26	MRPL16	9606.ENSP00000369682	9606.ENSP00000300151	0	0	0	0	0.151	0.823	0	0.398	0.902
MRPS26	RBFA	9606.ENSP00000369682	9606.ENSP00000305696	0	0	0	0	0.109	0.835	0	0	0.848
MRPS26	MRPL13	9606.ENSP00000369682	9606.ENSP00000306548	0	0	0	0	0.201	0.831	0	0.156	0.877
MRPS26	MRPS24	9606.ENSP00000369682	9606.ENSP00000318158	0	0	0	0	0.294	0.917	0.800	0.526	0.993
MRPS26	TUFM	9606.ENSP00000369682	9606.ENSP00000322439	0	0	0	0	0.192	0.809	0.500	0	0.916
MRPS26	GADD45GIP1	9606.ENSP00000369682	9606.ENSP00000323065	0	0	0	0	0.425	0.831	0	0.063	0.901
MRPS26	MRPL40	9606.ENSP00000369682	9606.ENSP00000333401	0	0	0	0	0.234	0.831	0	0	0.865
MRPS26	MRPL52	9606.ENSP00000369682	9606.ENSP00000347277	0	0	0	0	0.169	0.831	0	0	0.854
MRPS26	NME2	9606.ENSP00000369682	9606.ENSP00000376886	0	0	0	0	0.175	0.414	0	0	0.495
MRPS26	MRPL47	9606.ENSP00000369682	9606.ENSP00000417602	0	0	0	0	0.200	0.838	0	0	0.865
MRPS26	MRPS30	9606.ENSP00000369682	9606.ENSP00000424328	0	0	0	0	0.058	0.831	0.800	0.174	0.970
MRPS26	MRPS27	9606.ENSP00000369682	9606.ENSP00000426941	0	0	0	0	0.106	0.954	0.800	0.474	0.995
MRPS27	MRPS34	9606.ENSP00000426941	9606.ENSP00000177742	0	0	0	0	0.139	0.984	0.800	0.420	0.998
MRPS27	MRPS18B	9606.ENSP00000426941	9606.ENSP00000259873	0	0	0	0	0.206	0.987	0.900	0.605	0.999
MRPS27	MRPL17	9606.ENSP00000426941	9606.ENSP00000288937	0	0	0	0	0.132	0.829	0	0.086	0.853
MRPS27	MCAT	9606.ENSP00000426941	9606.ENSP00000290429	0	0	0	0	0.054	0.869	0	0	0.871
MRPS27	RPUSD4	9606.ENSP00000426941	9606.ENSP00000298317	0	0	0	0	0.201	0.088	0	0.305	0.449
MRPS27	MRPL16	9606.ENSP00000426941	9606.ENSP00000300151	0	0	0	0	0.181	0.841	0	0.130	0.877
MRPS27	RBFA	9606.ENSP00000426941	9606.ENSP00000305696	0	0	0	0	0.159	0.812	0	0.094	0.844
MRPS27	MRPL13	9606.ENSP00000426941	9606.ENSP00000306548	0	0	0	0	0.130	0.841	0	0.365	0.905
MRPS27	MRPS24	9606.ENSP00000426941	9606.ENSP00000318158	0	0	0	0	0.060	0.948	0.800	0.395	0.993
MRPS27	TUFM	9606.ENSP00000426941	9606.ENSP00000322439	0	0	0	0	0.284	0.809	0.500	0.262	0.943
MRPS27	GADD45GIP1	9606.ENSP00000426941	9606.ENSP00000323065	0	0	0	0	0.049	0.849	0	0.228	0.880
MRPS27	MRPL40	9606.ENSP00000426941	9606.ENSP00000333401	0	0	0	0	0.099	0.829	0	0.454	0.909
MRPS27	MRPL52	9606.ENSP00000426941	9606.ENSP00000347277	0	0	0	0	0.060	0.829	0	0.076	0.839
MRPS27	MRPS26	9606.ENSP00000426941	9606.ENSP00000369682	0	0	0	0	0.106	0.954	0.800	0.474	0.995
MRPS27	MRPL47	9606.ENSP00000426941	9606.ENSP00000417602	0	0	0	0	0.103	0.829	0	0.184	0.864
MRPS27	MRPS30	9606.ENSP00000426941	9606.ENSP00000424328	0	0	0	0	0.192	0.829	0.800	0.690	0.990
MRPS30	MRPS34	9606.ENSP00000424328	9606.ENSP00000177742	0	0	0	0	0.120	0.844	0.800	0.279	0.977
MRPS30	MRPS18B	9606.ENSP00000424328	9606.ENSP00000259873	0	0	0	0	0.101	0.829	0.500	0.445	0.951
MRPS30	MRPL17	9606.ENSP00000424328	9606.ENSP00000288937	0	0	0	0	0.083	0.980	0	0.069	0.982
MRPS30	MRPL16	9606.ENSP00000424328	9606.ENSP00000300151	0	0	0	0	0.170	0.960	0	0.149	0.969
MRPS30	MRPL13	9606.ENSP00000424328	9606.ENSP00000306548	0	0	0	0	0.248	0.956	0	0.260	0.973
MRPS30	MRPS24	9606.ENSP00000424328	9606.ENSP00000318158	0	0	0	0	0.195	0.829	0.800	0.246	0.976
MRPS30	TUFM	9606.ENSP00000424328	9606.ENSP00000322439	0	0	0	0	0.118	0.809	0.500	0.091	0.913
MRPS30	GADD45GIP1	9606.ENSP00000424328	9606.ENSP00000323065	0	0	0	0	0.058	0.969	0	0.463	0.983
MRPS30	DDX28	9606.ENSP00000424328	9606.ENSP00000332340	0	0	0	0	0.109	0.894	0	0.210	0.919
MRPS30	MRPL40	9606.ENSP00000424328	9606.ENSP00000333401	0	0	0	0	0.106	0.963	0	0.430	0.980
MRPS30	MRPL52	9606.ENSP00000424328	9606.ENSP00000347277	0	0	0	0	0.049	0.931	0	0.638	0.974
MRPS30	MRPS26	9606.ENSP00000424328	9606.ENSP00000369682	0	0	0	0	0.058	0.831	0.800	0.174	0.970
MRPS30	MRPL47	9606.ENSP00000424328	9606.ENSP00000417602	0	0	0	0	0.119	0.959	0	0.155	0.967
MRPS30	MRPS27	9606.ENSP00000424328	9606.ENSP00000426941	0	0	0	0	0.192	0.829	0.800	0.690	0.990
MRPS34	DARS2	9606.ENSP00000177742	9606.ENSP00000497569	0.082	0	0	0	0.124	0	0	0.318	0.404
MRPS34	UQCRC1	9606.ENSP00000177742	9606.ENSP00000203407	0.057	0	0	0	0.320	0	0	0.156	0.411
MRPS34	EEF1B2	9606.ENSP00000177742	9606.ENSP00000376055	0	0	0	0	0.392	0	0	0.204	0.495
MRPS34	RBFA	9606.ENSP00000177742	9606.ENSP00000305696	0	0	0	0	0.073	0.812	0	0.317	0.870
MRPS34	MRPL47	9606.ENSP00000177742	9606.ENSP00000417602	0	0	0	0	0.180	0.844	0	0.084	0.873
MRPS34	MRPL52	9606.ENSP00000177742	9606.ENSP00000347277	0	0	0	0	0.120	0.844	0	0.354	0.904
MRPS34	MRPL17	9606.ENSP00000177742	9606.ENSP00000288937	0.042	0	0	0	0.290	0.844	0	0.212	0.905
MRPS34	MCAT	9606.ENSP00000177742	9606.ENSP00000290429	0.086	0	0	0	0.200	0.879	0	0.065	0.906
MRPS34	MRPL16	9606.ENSP00000177742	9606.ENSP00000300151	0	0	0	0	0.304	0.844	0	0.280	0.915
MRPS34	MRPL40	9606.ENSP00000177742	9606.ENSP00000333401	0	0	0	0	0.255	0.844	0	0.423	0.927
MRPS34	GADD45GIP1	9606.ENSP00000177742	9606.ENSP00000323065	0	0	0	0	0.571	0.844	0	0.146	0.938
MRPS34	MRPL13	9606.ENSP00000177742	9606.ENSP00000306548	0.057	0	0	0	0.444	0.844	0	0.369	0.941
MRPS34	TUFM	9606.ENSP00000177742	9606.ENSP00000322439	0	0	0	0	0.442	0.820	0.500	0.278	0.959
MRPS34	MRPS30	9606.ENSP00000177742	9606.ENSP00000424328	0	0	0	0	0.120	0.844	0.800	0.279	0.977
MRPS34	MRPS24	9606.ENSP00000177742	9606.ENSP00000318158	0	0	0	0	0.357	0.943	0.800	0.407	0.995
MRPS34	MRPS18B	9606.ENSP00000177742	9606.ENSP00000259873	0	0	0	0	0.279	0.979	0.720	0.311	0.996
MRPS34	MRPS27	9606.ENSP00000177742	9606.ENSP00000426941	0	0	0	0	0.139	0.984	0.800	0.420	0.998
MRPS34	MRPS26	9606.ENSP00000177742	9606.ENSP00000369682	0	0	0	0	0.594	0.978	0.800	0.351	0.998
NME2	AK1	9606.ENSP00000376886	9606.ENSP00000223836	0.053	0	0	0	0.080	0	0.716	0.377	0.825
NME2	MRPS18B	9606.ENSP00000376886	9606.ENSP00000259873	0	0	0	0	0.172	0.418	0	0	0.497
NME2	MRPL16	9606.ENSP00000376886	9606.ENSP00000300151	0	0	0	0	0.272	0.255	0	0.066	0.449
NME2	MRPL13	9606.ENSP00000376886	9606.ENSP00000306548	0.057	0	0	0	0.382	0.255	0	0.089	0.551
NME2	MRPS24	9606.ENSP00000376886	9606.ENSP00000318158	0	0	0	0	0.237	0.306	0	0	0.448
NME2	TUFM	9606.ENSP00000376886	9606.ENSP00000322439	0	0	0	0	0.346	0.097	0	0.173	0.469
NME2	MRPS26	9606.ENSP00000376886	9606.ENSP00000369682	0	0	0	0	0.175	0.414	0	0	0.495
NME2	EEF1B2	9606.ENSP00000376886	9606.ENSP00000376055	0	0.059	0	0	0.735	0	0	0.234	0.792
NME2	TKT	9606.ENSP00000376886	9606.ENSP00000391481	0.043	0	0	0	0.163	0.213	0	0.184	0.417
OXSM	MECR	9606.ENSP00000280701	9606.ENSP00000263702	0	0	0	0	0.296	0	0.900	0.778	0.983
OXSM	SDHA	9606.ENSP00000280701	9606.ENSP00000264932	0	0	0	0	0.170	0	0	0.345	0.433
OXSM	MRPL17	9606.ENSP00000280701	9606.ENSP00000288937	0	0	0	0	0.422	0	0	0	0.422
OXSM	FH	9606.ENSP00000280701	9606.ENSP00000355518	0	0	0	0	0.081	0	0	0.405	0.430
OXSM	SDHB	9606.ENSP00000280701	9606.ENSP00000364649	0	0	0	0	0.270	0	0	0.259	0.437
OXSM	G6PD	9606.ENSP00000280701	9606.ENSP00000377192	0.096	0	0	0	0.047	0	0	0.399	0.437
OXSM	TUFM	9606.ENSP00000280701	9606.ENSP00000322439	0	0	0	0	0.425	0	0	0.080	0.449
OXSM	DARS2	9606.ENSP00000280701	9606.ENSP00000497569	0.099	0	0	0	0.261	0	0	0.250	0.457
OXSM	TKT	9606.ENSP00000280701	9606.ENSP00000391481	0.115	0	0	0	0.093	0.062	0	0.368	0.460
OXSM	DLST	9606.ENSP00000280701	9606.ENSP00000335304	0.048	0	0	0	0.235	0	0	0.329	0.469
OXSM	LIPT2	9606.ENSP00000280701	9606.ENSP00000309463	0	0	0	0	0.059	0.066	0.800	0.358	0.872
OXSM	LIPT1	9606.ENSP00000280701	9606.ENSP00000377115	0.069	0	0	0	0.076	0	0.800	0.556	0.913
OXSM	MCAT	9606.ENSP00000280701	9606.ENSP00000290429	0.231	0	0.375	0	0.964	0.071	0.900	0.710	0.999
PDSS2	COQ3	9606.ENSP00000358033	9606.ENSP00000254759	0.047	0	0	0	0.194	0.079	0	0.794	0.835
PDSS2	SDHA	9606.ENSP00000358033	9606.ENSP00000264932	0	0	0	0	0.042	0.563	0	0.133	0.605
PDSS2	BCS1L	9606.ENSP00000358033	9606.ENSP00000413908	0.045	0	0	0	0.135	0	0	0.489	0.541
PKD1	EXOC6	9606.ENSP00000262304	9606.ENSP00000260762	0	0	0	0	0	0	0.500	0.152	0.558
PPA2	AK1	9606.ENSP00000343885	9606.ENSP00000223836	0.061	0	0	0	0.301	0	0	0.486	0.633
PPA2	MECR	9606.ENSP00000343885	9606.ENSP00000263702	0	0	0	0	0.120	0.413	0	0.114	0.502
PPA2	SDHA	9606.ENSP00000343885	9606.ENSP00000264932	0.041	0	0	0	0.161	0	0	0.454	0.522
PPA2	MARS2	9606.ENSP00000343885	9606.ENSP00000282276	0	0	0	0	0.065	0	0	0.448	0.462
PPA2	MRPL16	9606.ENSP00000343885	9606.ENSP00000300151	0	0	0	0	0.300	0	0	0.216	0.428
PPA2	MRPL13	9606.ENSP00000343885	9606.ENSP00000306548	0.056	0	0	0	0.606	0.068	0	0	0.623
PPA2	TUFM	9606.ENSP00000343885	9606.ENSP00000322439	0	0	0	0	0.194	0.095	0	0.376	0.505
PPA2	MDH2	9606.ENSP00000343885	9606.ENSP00000327070	0	0	0	0	0.201	0.111	0	0.302	0.461
PPA2	G6PD	9606.ENSP00000343885	9606.ENSP00000377192	0.042	0	0	0	0.145	0	0	0.365	0.434
PPA2	TKT	9606.ENSP00000343885	9606.ENSP00000391481	0.058	0	0	0	0.250	0	0	0.266	0.436
PPA2	FH	9606.ENSP00000343885	9606.ENSP00000355518	0.055	0	0	0	0.209	0	0	0.383	0.499
PPA2	SDHB	9606.ENSP00000343885	9606.ENSP00000364649	0	0	0	0	0.162	0.065	0	0.435	0.519
PPCDC	FH	9606.ENSP00000343190	9606.ENSP00000355518	0	0.535	0	0	0	0	0	0.065	0.547
RBFA	MRPS34	9606.ENSP00000305696	9606.ENSP00000177742	0	0	0	0	0.073	0.812	0	0.317	0.870
RBFA	MRPS18B	9606.ENSP00000305696	9606.ENSP00000259873	0	0	0	0	0.060	0.812	0	0.269	0.859
RBFA	MRPL17	9606.ENSP00000305696	9606.ENSP00000288937	0	0	0	0	0.060	0	0	0.420	0.432
RBFA	MCAT	9606.ENSP00000305696	9606.ENSP00000290429	0	0	0	0	0.118	0.800	0	0	0.816
RBFA	RPUSD4	9606.ENSP00000305696	9606.ENSP00000298317	0	0	0	0	0.159	0	0	0.455	0.522
RBFA	DDX28	9606.ENSP00000305696	9606.ENSP00000332340	0	0	0	0	0.049	0	0	0.471	0.476
RBFA	MRPS24	9606.ENSP00000305696	9606.ENSP00000318158	0	0	0	0	0.112	0.812	0	0	0.826
RBFA	MRPS27	9606.ENSP00000305696	9606.ENSP00000426941	0	0	0	0	0.159	0.812	0	0.094	0.844
RBFA	MRPS26	9606.ENSP00000305696	9606.ENSP00000369682	0	0	0	0	0.109	0.835	0	0	0.848
RPUSD4	SCO1	9606.ENSP00000298317	9606.ENSP00000255390	0	0	0	0	0.485	0	0	0.048	0.489
RPUSD4	MRPL17	9606.ENSP00000298317	9606.ENSP00000288937	0.110	0	0	0	0.060	0.664	0	0.050	0.698
RPUSD4	MRPS27	9606.ENSP00000298317	9606.ENSP00000426941	0	0	0	0	0.201	0.088	0	0.305	0.449
RPUSD4	RBFA	9606.ENSP00000298317	9606.ENSP00000305696	0	0	0	0	0.159	0	0	0.455	0.522
RPUSD4	DARS2	9606.ENSP00000298317	9606.ENSP00000497569	0.106	0	0	0	0.297	0	0	0.314	0.532
RPUSD4	MRPL13	9606.ENSP00000298317	9606.ENSP00000306548	0.060	0	0	0	0.094	0.603	0	0.049	0.636
RPUSD4	MRPL47	9606.ENSP00000298317	9606.ENSP00000417602	0	0	0	0	0.049	0.607	0	0.322	0.725
RPUSD4	GTPBP8	9606.ENSP00000298317	9606.ENSP00000373176	0.057	0	0	0	0.095	0.584	0	0.406	0.760
RPUSD4	DDX28	9606.ENSP00000298317	9606.ENSP00000332340	0	0	0	0	0.154	0.730	0	0.614	0.904
SCO1	UQCRC1	9606.ENSP00000255390	9606.ENSP00000203407	0	0	0	0	0.062	0.127	0.151	0.330	0.471
SCO1	MECR	9606.ENSP00000255390	9606.ENSP00000263702	0	0	0	0	0.336	0.077	0	0.115	0.410
SCO1	TUFM	9606.ENSP00000255390	9606.ENSP00000322439	0.120	0	0	0	0.140	0.072	0	0.287	0.433
SCO1	SDHB	9606.ENSP00000255390	9606.ENSP00000364649	0	0	0	0	0.346	0	0	0.235	0.478
SCO1	RPUSD4	9606.ENSP00000255390	9606.ENSP00000298317	0	0	0	0	0.485	0	0	0.048	0.489
SCO1	SDHA	9606.ENSP00000255390	9606.ENSP00000264932	0	0	0	0	0.213	0	0	0.392	0.501
SCO1	BCS1L	9606.ENSP00000255390	9606.ENSP00000413908	0	0	0	0	0.105	0	0	0.576	0.605
SCO1	COX16	9606.ENSP00000255390	9606.ENSP00000374562	0	0	0	0	0.063	0.095	0	0.620	0.650
SDHA	HSD17B10	9606.ENSP00000264932	9606.ENSP00000168216	0	0	0	0	0.263	0.077	0	0.202	0.410
SDHA	UQCRC1	9606.ENSP00000264932	9606.ENSP00000203407	0	0	0	0	0.842	0.176	0.237	0.719	0.968
SDHA	SLC25A1	9606.ENSP00000264932	9606.ENSP00000215882	0	0	0	0	0.325	0	0	0.253	0.475
SDHA	COQ3	9606.ENSP00000264932	9606.ENSP00000254759	0.043	0	0	0	0.097	0	0	0.387	0.424
SDHA	SCO1	9606.ENSP00000264932	9606.ENSP00000255390	0	0	0	0	0.213	0	0	0.392	0.501
SDHA	IREB2	9606.ENSP00000264932	9606.ENSP00000258886	0.098	0	0	0	0.392	0.104	0	0.373	0.651
SDHA	OXSM	9606.ENSP00000264932	9606.ENSP00000280701	0	0	0	0	0.170	0	0	0.345	0.433
SDHA	ALDH18A1	9606.ENSP00000264932	9606.ENSP00000360268	0.118	0	0	0	0.049	0	0	0.403	0.456
SDHA	PPA2	9606.ENSP00000264932	9606.ENSP00000343885	0.041	0	0	0	0.161	0	0	0.454	0.522
SDHA	TKT	9606.ENSP00000264932	9606.ENSP00000391481	0	0	0	0	0.128	0.070	0	0.458	0.523
SDHA	G6PD	9606.ENSP00000264932	9606.ENSP00000377192	0.053	0	0	0	0.072	0	0	0.507	0.530
SDHA	PDSS2	9606.ENSP00000264932	9606.ENSP00000358033	0	0	0	0	0.042	0.563	0	0.133	0.605
SDHA	TUFM	9606.ENSP00000264932	9606.ENSP00000322439	0.042	0	0	0	0.413	0	0.154	0.506	0.734
SDHA	BCS1L	9606.ENSP00000264932	9606.ENSP00000413908	0	0	0	0	0.111	0.091	0	0.816	0.838
SDHA	DLST	9606.ENSP00000264932	9606.ENSP00000335304	0.111	0.007	0	0	0.620	0.095	0	0.543	0.841
SDHA	MDH2	9606.ENSP00000264932	9606.ENSP00000327070	0.091	0	0	0	0.437	0.283	0	0.773	0.905
SDHA	SDHB	9606.ENSP00000264932	9606.ENSP00000364649	0.231	0.030	0.470	0	0.971	0.997	0.980	0.999	0.999
SDHA	FH	9606.ENSP00000264932	9606.ENSP00000355518	0.231	0.540	0	0	0.838	0.098	0.980	0.768	0.999
SDHB	UQCRC1	9606.ENSP00000364649	9606.ENSP00000203407	0	0	0	0	0.749	0.113	0.378	0.608	0.938
SDHB	COQ3	9606.ENSP00000364649	9606.ENSP00000254759	0.045	0	0	0	0.258	0	0	0.304	0.464
SDHB	SCO1	9606.ENSP00000364649	9606.ENSP00000255390	0	0	0	0	0.346	0	0	0.235	0.478
SDHB	IREB2	9606.ENSP00000364649	9606.ENSP00000258886	0.081	0	0	0	0.597	0.136	0	0.447	0.799
SDHB	MECR	9606.ENSP00000364649	9606.ENSP00000263702	0	0	0	0	0.652	0	0	0.225	0.719
SDHB	SDHA	9606.ENSP00000364649	9606.ENSP00000264932	0.231	0.030	0.470	0	0.971	0.997	0.980	0.999	0.999
SDHB	OXSM	9606.ENSP00000364649	9606.ENSP00000280701	0	0	0	0	0.270	0	0	0.259	0.437
SDHB	TUFM	9606.ENSP00000364649	9606.ENSP00000322439	0.042	0	0	0	0.336	0.095	0	0.432	0.629
SDHB	MDH2	9606.ENSP00000364649	9606.ENSP00000327070	0.091	0	0	0	0.848	0.250	0	0.756	0.971
SDHB	DLST	9606.ENSP00000364649	9606.ENSP00000335304	0.111	0.005	0	0	0.779	0.128	0	0.398	0.883
SDHB	PPA2	9606.ENSP00000364649	9606.ENSP00000343885	0	0	0	0	0.162	0.065	0	0.435	0.519
SDHB	FH	9606.ENSP00000364649	9606.ENSP00000355518	0.231	0	0	0	0.575	0.126	0.980	0.893	0.999
SDHB	IBA57	9606.ENSP00000364649	9606.ENSP00000355672	0.231	0	0	0	0.148	0	0	0.313	0.511
SDHB	TKT	9606.ENSP00000364649	9606.ENSP00000391481	0	0	0	0	0.153	0	0	0.322	0.401
SDHB	GATC	9606.ENSP00000364649	9606.ENSP00000446872	0	0	0	0	0.295	0.073	0	0.203	0.434
SDHB	BCS1L	9606.ENSP00000364649	9606.ENSP00000413908	0.085	0	0	0	0.093	0	0	0.377	0.438
SDHB	G6PD	9606.ENSP00000364649	9606.ENSP00000377192	0.042	0	0	0	0.061	0	0	0.467	0.479
SDHB	ISCA2	9606.ENSP00000364649	9606.ENSP00000452007	0	0	0	0	0.212	0	0	0.413	0.518
SDHB	ISCA1	9606.ENSP00000364649	9606.ENSP00000365159	0	0	0	0	0.221	0	0	0.417	0.527
SLC25A1	UQCRC1	9606.ENSP00000215882	9606.ENSP00000203407	0	0	0	0	0.214	0.129	0	0.229	0.426
SLC25A1	FH	9606.ENSP00000215882	9606.ENSP00000355518	0	0	0	0	0.088	0.079	0	0.351	0.408
SLC25A1	SDHA	9606.ENSP00000215882	9606.ENSP00000264932	0	0	0	0	0.325	0	0	0.253	0.475
SLC25A1	MDH2	9606.ENSP00000215882	9606.ENSP00000327070	0	0	0	0	0.133	0	0	0.428	0.483
SLC25A1	MRPL40	9606.ENSP00000215882	9606.ENSP00000333401	0	0	0	0	0.056	0	0	0.819	0.822
SLC25A19	LIPT2	9606.ENSP00000385312	9606.ENSP00000309463	0	0	0	0	0	0	0	0.497	0.497
SLC25A19	LIPT1	9606.ENSP00000385312	9606.ENSP00000377115	0	0	0	0	0.144	0	0	0.523	0.574
TKT	SDHA	9606.ENSP00000391481	9606.ENSP00000264932	0	0	0	0	0.128	0.070	0	0.458	0.523
TKT	OXSM	9606.ENSP00000391481	9606.ENSP00000280701	0.115	0	0	0	0.093	0.062	0	0.368	0.460
TKT	TUFM	9606.ENSP00000391481	9606.ENSP00000322439	0.045	0	0	0	0.360	0	0	0.314	0.544
TKT	MDH2	9606.ENSP00000391481	9606.ENSP00000327070	0.042	0	0	0	0.137	0	0	0.575	0.618
TKT	DLST	9606.ENSP00000391481	9606.ENSP00000335304	0.042	0	0	0	0.147	0	0.304	0.396	0.611
TKT	PPA2	9606.ENSP00000391481	9606.ENSP00000343885	0.058	0	0	0	0.250	0	0	0.266	0.436
TKT	FH	9606.ENSP00000391481	9606.ENSP00000355518	0	0	0	0	0.148	0.179	0	0.647	0.731
TKT	ALDH18A1	9606.ENSP00000391481	9606.ENSP00000360268	0.281	0	0	0	0.087	0	0	0.422	0.588
TKT	SDHB	9606.ENSP00000391481	9606.ENSP00000364649	0	0	0	0	0.153	0	0	0.322	0.401
TKT	NME2	9606.ENSP00000391481	9606.ENSP00000376886	0.043	0	0	0	0.163	0.213	0	0.184	0.417
TKT	G6PD	9606.ENSP00000391481	9606.ENSP00000377192	0.102	0	0	0	0.403	0.189	0	0.818	0.910
TUFM	HSD17B10	9606.ENSP00000322439	9606.ENSP00000168216	0	0	0	0	0.342	0.095	0	0.296	0.544
TUFM	MRPS34	9606.ENSP00000322439	9606.ENSP00000177742	0	0	0	0	0.442	0.820	0.500	0.278	0.959
TUFM	UQCRC1	9606.ENSP00000322439	9606.ENSP00000203407	0	0	0	0	0.973	0	0	0.402	0.983
TUFM	AK1	9606.ENSP00000322439	9606.ENSP00000223836	0.091	0	0	0	0.380	0	0	0.273	0.555
TUFM	SCO1	9606.ENSP00000322439	9606.ENSP00000255390	0.120	0	0	0	0.140	0.072	0	0.287	0.433
TUFM	MRPS18B	9606.ENSP00000322439	9606.ENSP00000259873	0	0	0	0	0.141	0.809	0.500	0.111	0.917
TUFM	SDHA	9606.ENSP00000322439	9606.ENSP00000264932	0.042	0	0	0	0.413	0	0.154	0.506	0.734
TUFM	OXSM	9606.ENSP00000322439	9606.ENSP00000280701	0	0	0	0	0.425	0	0	0.080	0.449
TUFM	MARS2	9606.ENSP00000322439	9606.ENSP00000282276	0	0	0	0	0.141	0	0	0.369	0.435
TUFM	MRPL17	9606.ENSP00000322439	9606.ENSP00000288937	0.231	0	0	0	0.964	0.992	0.500	0.336	0.999
TUFM	MRPL16	9606.ENSP00000322439	9606.ENSP00000300151	0.106	0	0	0	0.835	0.925	0.500	0.353	0.995
TUFM	MRPL13	9606.ENSP00000322439	9606.ENSP00000306548	0.093	0	0	0	0.762	0.957	0.500	0.350	0.996
TUFM	FARS2	9606.ENSP00000322439	9606.ENSP00000316335	0	0	0	0	0.422	0	0	0.390	0.632
TUFM	MRPS24	9606.ENSP00000322439	9606.ENSP00000318158	0	0	0	0	0.149	0.809	0.500	0	0.912
TUFM	DLST	9606.ENSP00000322439	9606.ENSP00000335304	0	0	0	0	0.248	0.088	0	0.269	0.455
TUFM	GTPBP8	9606.ENSP00000322439	9606.ENSP00000373176	0.195	0	0	0	0.047	0	0	0.352	0.459
TUFM	NME2	9606.ENSP00000322439	9606.ENSP00000376886	0	0	0	0	0.346	0.097	0	0.173	0.469
TUFM	VARS2	9606.ENSP00000322439	9606.ENSP00000441000	0	0	0	0	0.150	0.088	0	0.376	0.474
TUFM	PPA2	9606.ENSP00000322439	9606.ENSP00000343885	0	0	0	0	0.194	0.095	0	0.376	0.505
TUFM	TKT	9606.ENSP00000322439	9606.ENSP00000391481	0.045	0	0	0	0.360	0	0	0.314	0.544
TUFM	DARS2	9606.ENSP00000322439	9606.ENSP00000497569	0	0	0	0	0.067	0	0	0.543	0.555
TUFM	FH	9606.ENSP00000322439	9606.ENSP00000355518	0	0	0	0	0.325	0	0	0.396	0.575
TUFM	SDHB	9606.ENSP00000322439	9606.ENSP00000364649	0.042	0	0	0	0.336	0.095	0	0.432	0.629
TUFM	BCS1L	9606.ENSP00000322439	9606.ENSP00000413908	0	0	0	0	0.415	0.088	0	0.380	0.641
TUFM	MDH2	9606.ENSP00000322439	9606.ENSP00000327070	0	0	0	0	0.830	0.088	0	0.374	0.895
TUFM	MRPL52	9606.ENSP00000322439	9606.ENSP00000347277	0	0	0	0	0.060	0.811	0.500	0.116	0.911
TUFM	MRPS30	9606.ENSP00000322439	9606.ENSP00000424328	0	0	0	0	0.118	0.809	0.500	0.091	0.913
TUFM	MRPS26	9606.ENSP00000322439	9606.ENSP00000369682	0	0	0	0	0.192	0.809	0.500	0	0.916
TUFM	MRPL47	9606.ENSP00000322439	9606.ENSP00000417602	0	0	0	0	0.055	0.809	0.500	0.188	0.917
TUFM	GADD45GIP1	9606.ENSP00000322439	9606.ENSP00000323065	0	0	0	0	0.180	0.811	0.500	0.208	0.930
TUFM	MRPL40	9606.ENSP00000322439	9606.ENSP00000333401	0	0	0	0	0.332	0.809	0.500	0.199	0.942
TUFM	MRPS27	9606.ENSP00000322439	9606.ENSP00000426941	0	0	0	0	0.284	0.809	0.500	0.262	0.943
UQCRC1	HSD17B10	9606.ENSP00000203407	9606.ENSP00000168216	0	0	0	0	0.331	0	0	0.340	0.540
UQCRC1	MRPS34	9606.ENSP00000203407	9606.ENSP00000177742	0.057	0	0	0	0.320	0	0	0.156	0.411
UQCRC1	MRPL40	9606.ENSP00000203407	9606.ENSP00000333401	0	0	0	0	0.195	0.161	0	0.187	0.403
UQCRC1	SLC25A1	9606.ENSP00000203407	9606.ENSP00000215882	0	0	0	0	0.214	0.129	0	0.229	0.426
UQCRC1	MIPEP	9606.ENSP00000203407	9606.ENSP00000371607	0	0	0	0	0.106	0	0	0.418	0.458
UQCRC1	SCO1	9606.ENSP00000203407	9606.ENSP00000255390	0	0	0	0	0.062	0.127	0.151	0.330	0.471
UQCRC1	FH	9606.ENSP00000203407	9606.ENSP00000355518	0	0	0	0	0.375	0	0	0.193	0.474
UQCRC1	DLST	9606.ENSP00000203407	9606.ENSP00000335304	0	0	0	0	0.611	0.071	0	0.196	0.684
UQCRC1	GATC	9606.ENSP00000203407	9606.ENSP00000446872	0	0	0	0	0.301	0.576	0.217	0.204	0.790
UQCRC1	BCS1L	9606.ENSP00000203407	9606.ENSP00000413908	0.042	0	0	0	0.176	0.100	0.540	0.562	0.831
UQCRC1	MDH2	9606.ENSP00000203407	9606.ENSP00000327070	0	0	0	0	0.783	0.094	0	0.632	0.921
UQCRC1	SDHB	9606.ENSP00000203407	9606.ENSP00000364649	0	0	0	0	0.749	0.113	0.378	0.608	0.938
UQCRC1	SDHA	9606.ENSP00000203407	9606.ENSP00000264932	0	0	0	0	0.842	0.176	0.237	0.719	0.968
UQCRC1	TUFM	9606.ENSP00000203407	9606.ENSP00000322439	0	0	0	0	0.973	0	0	0.402	0.983
VARS2	AK1	9606.ENSP00000441000	9606.ENSP00000223836	0.061	0	0	0	0.106	0	0	0.366	0.421
VARS2	MARS2	9606.ENSP00000441000	9606.ENSP00000282276	0.046	0	0	0	0.220	0.076	0	0.845	0.879
VARS2	MRPL17	9606.ENSP00000441000	9606.ENSP00000288937	0	0	0	0	0.114	0	0	0.418	0.462
VARS2	FARS2	9606.ENSP00000441000	9606.ENSP00000316335	0.101	0.066	0	0	0.269	0	0	0.757	0.831
VARS2	TUFM	9606.ENSP00000441000	9606.ENSP00000322439	0	0	0	0	0.150	0.088	0	0.376	0.474
VARS2	MDH2	9606.ENSP00000441000	9606.ENSP00000327070	0.061	0	0	0	0.275	0.088	0	0.150	0.402
VARS2	ALDH18A1	9606.ENSP00000441000	9606.ENSP00000360268	0.116	0	0	0	0.118	0	0	0.378	0.473
VARS2	EEF1B2	9606.ENSP00000441000	9606.ENSP00000376055	0	0	0	0	0.124	0.049	0	0.551	0.594
VARS2	DARS2	9606.ENSP00000441000	9606.ENSP00000497569	0.120	0	0	0	0.695	0	0	0.712	0.916
